Serial_num,ortho,phon,cgram,freqlemfilms2,freqfilms2,freqlemlivres,freqlivres,p_cvcv,cvcv,nbsyll,nblettres,freq_mism,freq,mismatch,freq_sum,freq_cat,LPC,word_code
108911,quantité,k@tite,NOM,10.3,8.67,18.99,15.27,CVCVCV,CVVCCVCV,3,8,H_0,3.974622147184666,0,53.22999999999999,H,k@-ti-te,1422-4221-4241
84352,maladie,maladi,NOM,66.04,52.18,60.68,49.59,CVCVCV,CVCVCVV,3,7,H_0,5.431492445700453,0,228.49,H,ma-la-di,4001-5401-0221
21343,caresser,kaRese,VER,15.69,5.66,83.72,18.24,CVCVCV,CVCVCCVC,3,8,H_0,4.814701509882439,0,123.31,H,ka-Re-se,1401-2441-2241
40892,déposer,depoze,VER,53.09,15.03,62.7,13.24,CVCVCV,CVCVCVC,3,7,H_0,4.9702298794612165,0,144.06,H,de-po-ze,0241-0000-1241
120553,rigoler,Rigole,VER,47.56,10.48,33.85,9.8,CVCVCV,CVCVCVC,3,7,H_0,4.621928969803046,0,101.69,H,Ri-go-le,2421-6400-5441
96841,pantalon,p@tal§,NOM,37.55,31.49,71.76,57.91,CVCVCV,CVCCVCVC,3,8,H_0,5.291846475417725,0,198.71,H,p@-ta-l§,0022-4201-5422
108893,qualité,kalite,NOM,29.13,20.84,59.12,42.7,CVCVCV,CVVCVCV,3,7,H_0,5.022497986638768,0,151.79000000000002,H,ka-li-te,1401-5421-4241
27496,commencer,kom@se,VER,436.83,92.51,421.89,42.5,CVCVCV,CVCCVCCVC,3,9,H_0,6.901465539979852,0,993.73,H,ko-m@-se,1400-4022-2241
42301,désolé,dezole,ADJ,276.66,193.51,12.43,6.49,CVCVCV,CVCVCV,3,6,H_0,6.192546521619673,0,489.09,H,de-zo-le,0241-1200-5441
111252,rassurer,RasyRe,VER,29.25,6.06,68.04,17.57,CVCVCV,CVCCVCVC,3,8,H_0,4.795129169911258,0,120.92000000000002,H,Ra-sy-Re,2401-2240-2441
93509,numéro,nymeRo,NOM,173.48,162.08,70.07,60.0,CVCVCV,CVCVCV,3,6,H_0,6.143391327331203,0,465.63,H,ny-me-Ro,3240-4041-2400
125063,séparer,sepaRe,VER,66.22,20.34,109.8,18.38,CVCVCV,CVCVCVC,3,7,H_0,5.3694279940059895,0,214.74,H,se-pa-Re,2241-0001-2441
24643,chocolat,Sokola,NOM,31.03,27.74,34.86,30.61,CVCVCV,CCVCVCVC,3,8,H_0,4.822215178840431,0,124.24,H,So-ko-la,5300-1400-5401
86203,matinée,matine,NOM,12.51,12.1,34.05,32.23,CVCVCV,CVCVCVV,3,7,H_0,4.509649984130679,0,90.89,H,ma-ti-ne,4001-4221-3241
38224,dégager,degaZe,VER,102.47,8.22,58.04,15.2,CVCVCV,CVCVCVC,3,7,H_0,5.214555250442706,0,183.93,H,de-ga-Ze,0241-6401-0341
28164,composer,k§poze,VER,14.07,2.87,47.57,7.3,CVCVCV,CVCCVCVC,3,8,H_0,4.2740237421222265,0,71.81,H,k§-po-ze,1422-0000-1241
42063,désigner,deziNe,VER,10.04,1.81,66.69,8.38,CVCVCV,CVCVCCVC,3,8,H_0,4.4649881553882285,0,86.91999999999999,H,de-zi-Ne,0241-1221-5241
66843,généreux,ZeneR2,ADJ,23.32,16.57,23.72,13.99,CVCVCV,CVCVCVVC,3,8,H_0,4.351567427189173,0,77.6,H,Ze-ne-R2,0341-3241-2410
42529,dessiner,desine,VER,29.97,9.1,79.66,12.97,CVCVCV,CVCCVCVC,3,8,H_0,4.880526608749236,0,131.7,H,de-si-ne,0241-2221-3241
27354,comédie,komedi,NOM,22.11,20.87,29.73,25.68,CVCVCV,CVCVCVV,3,7,H_0,4.588939172877674,0,98.39,H,ko-me-di,1400-4041-0221
41077,député,depyte,NOM,10.4,7.4,10.88,6.42,CVCVCV,CVCVCV,3,6,H_0,3.55820113047182,0,35.1,H,de-py-te,0241-0040-4241
45853,dominer,domine,VER,15.66,5.07,50.61,10.34,CVCVCV,CVCVCVC,3,7,H_0,4.402809173856411,0,81.68,H,do-mi-ne,0200-4021-3241
39034,délicat,delika,ADJ,22.52,9.6,37.03,13.72,CVCVCV,CVCVCVC,3,7,H_0,4.417273114860951,0,82.87,H,de-li-ka,0241-5421-1401
97087,paradis,paRadi,NOM,33.23,33.23,28.04,28.04,CVCVCV,CVCVCVC,3,7,H_0,4.8084375072975085,0,122.54,H,pa-Ra-di,0001-2401-0221
45692,document,dokym@,NOM,24.86,9.34,16.01,6.69,CVCVCV,CVCVCVCC,3,8,H_0,4.041295341132285,0,56.900000000000006,H,do-ky-m@,0200-1440-4022
41165,déranger,deR@Ze,VER,126.95,31.38,43.99,14.59,CVCVCV,CVCVCCVC,3,8,H_0,5.379482520965545,0,216.91000000000005,H,de-R@-Ze,0241-2422-0341
27420,commander,kom@de,VER,63.49,13.5,80.34,11.55,CVCVCV,CVCCVCCVC,3,9,H_0,5.129188403540065,0,168.88000000000002,H,ko-m@-de,1400-4022-0241
40179,dénoncer,den§se,VER,29.57,9.83,19.05,6.08,CVCVCV,CVCVCCVC,3,8,H_0,4.167130231947748,0,64.53,H,de-n§-se,0241-3222-2241
42697,détacher,detaSe,VER,19.69,4.44,65.47,15.14,CVCVCV,CVCVCCVC,3,8,H_0,4.651481088851342,0,104.74,H,de-ta-Se,0241-4201-5341
117421,répéter,Repete,VER,98.31,22.22,200.14,30.88,CVCVCV,CVCVCVC,3,7,H_0,5.86235194864517,0,351.54999999999995,H,Re-pe-te,2441-0041-4241
38824,déjeuner,deZ9ne,NOM,51.34,50.32,59.66,56.01,CVCVCV,CVCVVCVC,3,8,H_0,5.381416935717611,0,217.33,H,de-Z9-ne,0241-0302-3241
125876,signaler,siNale,VER,27.92,9.51,27.5,6.62,CVCVCV,CVCCVCVC,3,8,H_0,4.27039650600246,0,71.55000000000001,H,si-Na-le,2221-5201-5441
140160,vérité,veRite,NOM,193.24,190.21,140.88,133.38,CVCVCV,CVCVCV,3,6,H_0,6.48876410469225,0,657.71,H,ve-Ri-te,1141-2421-4241
13951,bâtiment,batim@,NOM,27.58,22.73,36.82,19.93,CVCVCV,CVCVCVCC,3,8,H_0,4.673389424965236,0,107.06,H,ba-ti-m@,3001-4221-4022
82039,libérer,libeRe,VER,75.77,26.16,48.51,14.53,CVCVCV,CVCVCVC,3,7,H_0,5.105763639187833,0,164.97,H,li-be-Re,5421-3041-2441
44161,dignité,diNite,NOM,14.61,14.59,32.77,32.43,CVCVCV,CVCCVCV,3,7,H_0,4.547541073151455,0,94.4,H,di-Ni-te,0221-5221-4241
60924,féminin,femin5,ADJ,16.88,7.51,32.91,11.28,CVCVCV,CVCVCVC,3,7,H_0,4.228000947034774,0,68.58,H,fe-mi-n5,4141-4021-3211
109774,raconter,Rak§te,VER,253.84,57.79,261.89,64.86,CVCVCV,CVCVCCVC,3,8,H_0,6.458933717324055,0,638.38,H,Ra-k§-te,2401-1422-4241
82360,limiter,limite,VER,11.19,2.62,19.26,4.46,CVCVCV,CVCVCVC,3,7,H_0,3.6251406131469297,0,37.53,H,li-mi-te,5421-4021-4241
117106,réparer,RepaRe,VER,67.7,39.13,25.14,13.92,CVCVCV,CVCVCVC,3,7,H_0,4.982852913083804,0,145.89,H,Re-pa-Re,2441-0001-2441
109737,racoler,Rakole,VER,0.59,0.16,1.42,0.54,CVCVCV,CVCVCVC,3,7,L_0,0.9969486348916096,0,2.71,L,Ra-ko-le,2401-1400-5441
43026,détoner,detone,VER,0.37,0.3,0.2,0.0,CVCVCV,CVCVCVC,3,7,L_0,-0.1392620673335078,0,0.8699999999999999,L,de-to-ne,0241-4200-3241
141510,vivoter,vivote,VER,0.47,0.02,1.28,0.14,CVCVCV,CVCVCVC,3,7,L_0,0.6471032420585385,0,1.91,L,vi-vo-te,1121-1100-4241
88471,mimosa,mimoza,ADJ,0.46,0.46,0.47,0.47,CVCVCV,CVCVCV,3,6,L_0,0.62057648772511,0,1.86,L,mi-mo-za,4021-4000-1201
110612,ramolli,Ramoli,ADJ,0.44,0.17,1.08,0.14,CVCVCV,CVCVCCV,3,7,L_0,0.6043159668533296,0,1.83,L,Ra-mo-li,2401-4000-5421
83740,macaron,makaR§,NOM,0.34,0.12,1.35,0.61,CVCVCV,CVCVCVC,3,7,L_0,0.883767540168595,0,2.42,L,ma-ka-R§,4001-1401-2422
21368,caribou,kaRibu,NOM,0.91,0.74,0.2,0.14,CVCVCV,CVCVCVV,3,7,L_0,0.6881346387364009,0,1.99,L,ka-Ri-bu,1401-2421-3030
39847,démoder,demode,VER,1.03,0.0,1.55,0.07,CVCVCV,CVCVCVC,3,7,L_0,0.9745596399981308,0,2.65,L,de-mo-de,0241-4000-0241
38975,délégué,delege,ADJ,0.58,0.25,1.76,1.49,CVCVCV,CVCVCVV,3,7,L_0,1.4060969884160703,0,4.08,L,de-le-ge,0241-5441-6441
65550,gabarit,gabaRi,NOM,0.33,0.3,1.82,1.62,CVCVCV,CVCVCVC,3,7,L_0,1.4036429994545037,0,4.07,L,ga-ba-Ri,6401-3001-2421
139772,vendanger,v@d@Ze,VER,0.74,0.47,0.2,0.0,CVCVCV,CVCCVCCVC,3,9,L_0,0.3435897043900768,0,1.41,L,v@-d@-Ze,1122-0222-0341
83764,macérer,maseRe,VER,0.32,0.23,1.82,0.54,CVCVCV,CVCVCVC,3,7,L_0,1.0681530811834012,0,2.91,L,ma-se-Re,4001-2241-2441
118200,résident,Rezid@,NOM,1.66,0.48,1.49,0.54,CVCVCV,CVCVCVCC,3,8,L_0,1.42791603581071,0,4.17,L,Re-zi-d@,2441-1221-0222
27936,compiler,k§pile,VER,0.58,0.23,0.54,0.0,CVCVCV,CVCCVCVC,3,8,L_0,0.3001045924503381,0,1.35,L,k§-pi-le,1422-0021-5441
19610,cadencer,kad@se,VER,0.38,0.0,1.22,0.14,CVCVCV,CVCVCCVC,3,8,L_0,0.5538851132264377,0,1.7400000000000002,L,ka-d@-se,1401-0222-2241
81076,lapider,lapide,VER,0.93,0.27,1.35,0.34,CVCVCV,CVCVCVC,3,7,L_0,1.0612565021243408,0,2.89,L,la-pi-de,5401-0021-0241
84739,mandater,m@date,VER,1.14,0.02,0.95,0.0,CVCVCV,CVCCVCVC,3,8,L_0,0.7466879474879751,0,2.11,L,m@-da-te,4022-0201-4241
42682,détaché,detaSe,NOM,0.34,0.25,0.88,0.74,CVCVCV,CVCVCCV,3,7,L_0,0.7929925155296614,0,2.21,L,de-ta-Se,0241-4201-5341
20216,calorie,kaloRi,NOM,1.43,0.15,0.95,0.0,CVCVCV,CVCVCVV,3,7,L_0,0.9282193027394288,0,2.53,L,ka-lo-Ri,1401-5400-2421
103641,polisson,polis§,NOM,1.14,0.83,0.54,0.27,CVCVCV,CVCVCCVC,3,8,L_0,1.0224509277025455,0,2.78,L,po-li-s§,0000-5421-2222
128045,soussigné,susiNe,ADJ,1.83,1.44,0.61,0.61,CVCVCV,CVVCCVCCV,3,9,L_0,1.501852701754163,0,4.49,L,su-si-Ne,2230-2221-5241
29858,consigné,k§siNe,ADJ,0.72,0.19,0.27,0.14,CVCVCV,CVCCVCCV,3,8,L_0,0.2776317365982794,0,1.3199999999999998,L,k§-si-Ne,1422-2221-5241
42380,désosser,dezose,VER,0.59,0.13,1.55,0.34,CVCVCV,CVCVCCVC,3,8,L_0,0.959350221334602,0,2.61,L,de-zo-se,0241-1200-2241
80841,laminer,lamine,VER,0.7,0.44,1.55,0.34,CVCVCV,CVCVCVC,3,7,L_0,1.1085626195212777,0,3.03,L,la-mi-ne,5401-4021-3241
99875,périmer,peRime,VER,1.68,0.01,0.54,0.0,CVCVCV,CVCVCVC,3,7,L_0,0.8020015854720274,0,2.23,L,pe-Ri-me,0041-2421-4041
20585,cancéreux,k@seR2,ADJ,0.62,0.16,0.74,0.27,CVCVCV,CVCCVCVVC,3,9,L_0,0.5822156198526637,0,1.79,L,k@-se-R2,1422-2241-2410
42943,déterré,deteRe,NOM,0.4,0.3,0.07,0.07,CVCVCV,CVCVCCV,3,7,L_0,-0.1743533871447776,0,0.8400000000000001,L,de-te-Re,0241-4241-2441
96996,papoter,papote,VER,1.77,1.16,1.62,0.61,CVCVCV,CVCVCVC,3,7,L_0,1.6409365794934714,0,5.16,L,pa-po-te,0001-0000-4241
110634,ramoner,Ramone,VER,0.6,0.17,1.55,0.61,CVCVCV,CVCVCVC,3,7,L_0,1.075002423028976,0,2.93,L,Ra-mo-ne,2401-4000-3241
98768,peaufiner,pofine,VER,0.67,0.44,1.08,0.34,CVCVCV,CVVVCVCVC,3,9,L_0,0.928219302739429,0,2.53,L,po-fi-ne,0000-4121-3241
104664,potiron,potiR§,NOM,1.08,0.99,0.95,0.61,CVCVCV,CVCVCVC,3,7,L_0,1.2892326482767595,0,3.63,L,po-ti-R§,0000-4221-2422
21870,cassoulet,kasulE,NOM,0.52,0.52,1.62,1.62,CVCVCV,CVCCVVCVC,3,9,L_0,1.4539530095937054,0,4.28,L,ka-su-lE,1401-2230-5431
97462,paresser,paRese,VER,0.42,0.25,0.95,0.34,CVCVCV,CVCVCCVC,3,8,L_0,0.6729444732424258,0,1.96,L,pa-Re-se,0001-2441-2241
125877,signalé,siNale,ADJ,0.66,0.41,0.74,0.41,CVCVCV,CVCCVCV,3,7,L_0,0.7975071958841882,0,2.22,L,si-Na-le,2221-5201-5441
139865,vénéré,veneRe,ADJ,1.1,0.91,1.62,0.81,CVCVCV,CVCVCV,3,6,L_0,1.4906543764441336,0,4.44,L,ve-ne-Re,1141-3241-2441
31948,corrigé,koRiZe,ADJ,0.38,0.05,1.08,0.41,CVCVCV,CVCCVCV,3,7,L_0,0.6523251860396901,0,1.92,L,ko-Ri-Ze,1400-2421-0341
36365,déchaîné,deSEne,NOM,0.35,0.18,1.42,0.61,CVCVCV,CVCCVVCV,3,8,L_0,0.9400072584914712,0,2.56,L,de-SE-ne,0241-5331-3241
29468,conjuré,k§ZyRe,NOM,0.56,0.0,0.47,0.07,CVCVCV,CVCCVCV,3,7,L_0,0.0953101798043249,0,1.1,L,k§-Zy-Re,1422-0340-2441
19762,cagoulé,kagule,ADJ,0.31,0.03,0.2,0.14,CVCVCV,CVCVVCV,3,7,L_0,-0.3856624808119846,0,0.68,L,ka-gu-le,1401-6430-5441
80128,kangourou,k@guRu,NOM,1.85,1.42,1.42,1.15,CVCVCV,CVCCVVCVV,3,9,L_0,1.7647307968401356,0,5.84,L,k@-gu-Ru,1422-6430-2430
87010,ménage,menaZ,NOM,29.46,27.55,32.91,29.26,CVCVC,CVCVCV,2,6,H_1,4.780634955318833,1,119.18,H,me-na-Z,4041-3201-030/
87169,mental,m@tal,ADJ,18.15,5.84,11.35,4.05,CVCVC,CVCCVC,2,6,H_1,3.673511976982814,1,39.38999999999999,H,m@-ta-l,4022-4201-540/
118817,rester,REste,VER,1003.56,310.38,793.78,123.78,CVCCV,CVCCVC,2,6,H_1,7.710429284069325,1,2231.5000000000005,H,RE-s-te,2431-220/-4241
99738,perdu,pERdy,ADJ,36.46,17.5,58.45,27.43,CVCCV,CVCCV,2,5,H_1,4.940498911907225,1,139.84,H,pE-R-dy,0031-240/-0240
30792,contrat,k§tRa,NOM,53.23,45.7,15.0,12.43,CVCCV,CVCCCVC,2,7,H_1,4.839134975933884,1,126.36,H,k§-t-Ra,1422-420/-2401
32686,courir,kuRiR,VER,146.5,47.19,263.38,71.82,CVCVC,CVVCVC,2,6,H_1,6.270780470727376,1,528.89,H,ku-Ri-R,1430-2421-240/
45772,dollar,dolaR,NOM,134.1,13.89,16.96,3.85,CVCVC,CVCCVC,2,6,H_1,5.128714582161857,1,168.8,H,do-la-R,0200-5401-240/
120758,risquer,Riske,VER,100.4,13.06,99.32,14.19,CVCCV,CVCCVVC,2,7,H_1,5.424817850157378,1,226.97,H,Ri-s-ke,2421-220/-1441
97695,parole,paROl,NOM,103.48,71.07,178.31,81.82,CVCVC,CVCVCV,2,6,H_1,6.074610128194651,1,434.68,H,pa-RO-l,0001-2430-540/
126130,sincère,s5sER,ADJ,19.51,15.2,22.5,18.65,CVCVC,CVCCVCV,2,7,H_1,4.3288895362607525,1,75.86,H,s5-sE-R,2211-2231-240/
82821,local,lokal,ADJ,18.11,6.05,22.84,6.76,CVCVC,CVCVC,2,5,H_1,3.984529696214894,1,53.76,H,lo-ka-l,5400-1401-540/
131291,suspect,syspE,ADJ,12.95,8.44,16.82,7.77,CVCCV,CVCCVCC,2,7,H_1,3.828206519335036,1,45.98,H,sy-s-pE,2240-220/-0031
133588,terreur,tER9R,NOM,15.18,13.87,27.09,23.78,CVCVC,CVCCVVC,2,7,H_1,4.381026134340298,1,79.92,H,tE-R9-R,4231-2402-240/
131096,surtout,syRtu,ADV,148.66,148.66,291.49,291.49,CVCCV,CVCCVVC,2,7,H_1,6.78026275846686,1,880.3,H,sy-R-tu,2240-240/-4230
61700,figure,figyR,NOM,25.18,22.49,95.34,77.7,CVCVC,CVCVCV,2,6,H_1,5.396849622612283,1,220.71,H,fi-gy-R,4121-6440-240/
81118,laquelle,lakEl,PRO:int,68.94,1.99,185.27,2.91,CVCVC,CVCVVCCV,2,8,H_1,5.557252681960304,1,259.11,H,la-kE-l,5401-1431-540/
108539,punir,pyniR,VER,41.7,13.82,20.14,8.45,CVCVC,CVCVC,2,5,H_1,4.432125465974346,1,84.11,H,py-ni-R,0040-3221-240/
32617,courage,kuRaZ,NOM,70.73,70.7,70.34,69.8,CVCVC,CVVCVCV,2,7,H_1,5.640381084517819,1,281.57,H,ku-Ra-Z,1430-2401-030/
131684,tableau,tablo,NOM,50.11,37.8,90.0,57.84,CVCCV,CVCCVVV,2,7,H_1,5.462771921513567,1,235.75,H,ta-b-lo,4201-300/-5400
63203,forcer,fORse,VER,64.64,16.33,75.41,18.04,CVCCV,CVCCVC,2,6,H_1,5.161466183798839,1,174.42,H,fO-R-se,4130-240/-2241
21644,carton,kaRt§,NOM,16.01,10.92,44.86,34.8,CVCCV,CVCCVC,2,6,H_1,4.668989698701045,1,106.59,H,ka-R-t§,1401-240/-4222
133277,tendance,t@d@s,NOM,12.98,10.95,20.88,14.26,CVCVC,CVCCVCCV,2,8,H_1,4.078723181319144,1,59.07,H,t@-d@-s,4222-0222-220/
27405,commande,kom@d,NOM,31.36,19.41,18.72,12.64,CVCVC,CVCCVCCV,2,8,H_1,4.408303357752101,1,82.13,H,ko-m@-d,1400-4022-020/
26808,colère,kolER,NOM,68.9,67.91,100.07,92.77,CVCVC,CVCVCV,2,6,H_1,5.798031485559308,1,329.65,H,ko-lE-R,1400-5431-240/
114785,régime,ReZim,NOM,19.43,18.52,39.73,36.69,CVCVC,CVCVCV,2,6,H_1,4.7394388067931255,1,114.37,H,Re-Zi-m,2441-0321-400/
122683,salaire,salER,NOM,26.43,22.99,12.5,8.92,CVCVC,CVCVVCV,2,7,H_1,4.260423812914633,1,70.84,H,sa-lE-R,2201-5431-240/
89874,montrer,m§tRe,VER,327.33,136.2,276.55,81.15,CVCCV,CVCCCVC,2,7,H_1,6.710803216382034,1,821.2299999999999,H,m§-t-Re,4022-420/-2441
87135,mensonge,m@s§Z,NOM,61.05,33.64,35.41,21.89,CVCVC,CVCCVCCV,2,8,H_1,5.02381472920837,1,151.99,H,m@-s§-Z,4022-2222-030/
65514,futur,fytyR,ADJ,23.2,9.41,36.35,13.92,CVCVC,CVCVC,2,5,H_1,4.417393778511173,1,82.88000000000001,H,fy-ty-R,4140-4240-240/
121823,routine,Rutin,NOM,12.14,11.67,12.77,9.53,CVCVC,CVVCVCV,2,7,H_1,3.8310298462186143,1,46.11,H,Ru-ti-n,2430-4221-320/
114864,régler,Regle,VER,85.81,42.27,54.19,22.36,CVCCV,CVCCVC,2,6,H_1,5.321203470334738,1,204.63,H,Re-g-le,2441-640/-5441
37713,défaire,defER,VER,12.3,5.26,32.23,10.14,CVCVC,CVCVVCV,2,7,H_1,4.093177214470094,1,59.93,H,de-fE-R,0241-4131-240/
83507,lunette,lynEt,NOM,33.33,1.71,75.27,7.43,CVCVC,CVCVCCV,2,7,H_1,4.768478803600115,1,117.74,H,ly-nE-t,5440-3231-420/
91899,navire,naviR,NOM,21.98,15.83,50.2,28.04,CVCVC,CVCVCV,2,6,H_1,4.754021132720446,1,116.05,H,na-vi-R,3201-1121-240/
135371,tourner,tuRne,VER,204.15,51.05,377.09,68.78,CVCCV,CVVCCVC,2,7,H_1,6.552607739395825,1,701.0699999999999,H,tu-R-ne,4230-240/-3241
97636,parler,paRle,VER,1970.55,728.02,1086.01,341.82,CVCCV,CVCCVC,2,6,H_1,8.32516063512708,1,4126.4,H,pa-R-le,0001-240/-5441
99591,percer,pERse,VER,15.77,6.19,42.03,11.22,CVCCV,CVCCVC,2,6,H_1,4.320284200838312,1,75.21000000000001,H,pE-R-se,0031-240/-2241
122678,salade,salad,NOM,21.8,15.88,24.26,15.41,CVCVC,CVCVCV,2,6,H_1,4.348340577019075,1,77.35,H,sa-la-d,2201-5401-020/
125306,serpent,sERp@,NOM,32.2,20.91,21.08,13.24,CVCCV,CVCCVCC,2,7,H_1,4.470838473192799,1,87.42999999999999,H,sE-R-p@,2231-240/-0022
46204,doubler,duble,VER,15.29,4.65,22.84,4.39,CVCCV,CVVCCVC,2,7,H_1,3.85375809729617,1,47.17,H,du-b-le,0230-300/-5441
15422,bipède,bipEd,NOM,0.78,0.58,0.47,0.2,CVCVC,CVCVCV,2,6,L_1,0.7080357930536959,1,2.03,L,bi-pE-d,3021-0031-020/
24405,chiffrer,SifRe,VER,0.64,0.19,1.01,0.27,CVCCV,CCVCCCVC,2,8,L_1,0.7466879474879753,1,2.1100000000000003,L,Si-f-Re,5321-410/-2441
85989,masseur,mas9R,NOM,1.94,0.7,1.69,1.15,CVCVC,CVCCVVC,2,7,L_1,1.7011051009599245,1,5.48,L,ma-s9-R,4001-2202-240/
140529,vexant,vEks@,ADJ,0.4,0.39,1.01,0.74,CVCCV,CVCVCC,2,6,L_1,0.9321640810304452,1,2.54,L,vE-k-s@,1131-140/-2222
127382,soufflé,sufle,NOM,1.33,0.86,1.22,1.22,CVCCV,CVVCCCV,2,7,L_1,1.5325568680981427,1,4.63,L,su-f-le,2230-410/-5441
81497,lécheur,leS9R,NOM,0.47,0.3,0.34,0.14,CVCVC,CVCCVVC,2,7,L_1,0.2231435513142097,1,1.25,L,le-S9-R,5441-5302-240/
139245,vandale,v@dal,NOM,1.14,0.33,0.88,0.47,CVCVC,CVCCVCV,2,7,L_1,1.0367368849500225,1,2.8200000000000003,L,v@-da-l,1122-0201-540/
69768,guépard,gepaR,NOM,0.44,0.27,0.74,0.34,CVCVC,CVVCVCC,2,7,L_1,0.5822156198526637,1,1.79,L,ge-pa-R,6441-0001-240/
82664,litige,litiZ,NOM,0.78,0.57,1.42,0.74,CVCVC,CVCVCV,2,6,L_1,1.2556160374777745,1,3.51,L,li-ti-Z,5421-4221-030/
130735,surfait,syRfE,ADJ,0.46,0.38,0.34,0.14,CVCCV,CVCCVVC,2,7,L_1,0.2776317365982797,1,1.3200000000000005,L,sy-R-fE,2240-240/-4131
59892,fadeur,fad9R,NOM,0.32,0.32,1.82,1.49,CVCVC,CVCVVC,2,6,L_1,1.3737155789130306,1,3.95,L,fa-d9-R,4101-0202-240/
84379,malaise,malEz,ADJ,0.41,0.38,1.42,1.42,CVCVC,CVCVVCV,2,7,L_1,1.289232648276759,1,3.63,L,ma-lE-z,4001-5431-120/
124597,segment,sEgm@,NOM,0.69,0.36,1.42,0.88,CVCCV,CVCCVCC,2,7,L_1,1.2089603458369749,1,3.35,L,sE-g-m@,2231-640/-4022
31603,coquard,kokaR,NOM,0.34,0.3,0.41,0.34,CVCVC,CVCVVCC,2,7,L_1,0.3293037471426004,1,1.39,L,ko-ka-R,1400-1401-240/
134734,tonique,tonik,ADJ,0.4,0.35,1.82,1.55,CVCVC,CVCVCVV,2,7,L_1,1.415853163361435,1,4.12,L,to-ni-k,4200-3221-140/
68091,gothique,gotik,NOM,0.66,0.57,1.49,1.35,CVCVC,CVCCVCVV,2,8,L_1,1.4036429994545037,1,4.07,L,go-ti-k,6400-4221-140/
63732,fourchu,fuRSy,ADJ,0.75,0.17,1.42,0.27,CVCCV,CVVCCCV,2,7,L_1,0.959350221334602,1,2.61,L,fu-R-Sy,4130-240/-5340
34980,cynique,sinik,NOM,1.01,0.92,1.69,1.15,CVCVC,CVCVCVV,2,7,L_1,1.5623463049002495,1,4.77,L,si-ni-k,2221-3221-140/
134449,titrer,titRe,VER,1.75,0.03,1.08,0.34,CVCCV,CVCCVC,2,6,L_1,1.1631508098056809,1,3.2,L,ti-t-Re,4221-420/-2441
90526,moulage,mulaZ,NOM,0.8,0.53,1.15,0.54,CVCVC,CVVCVCV,2,7,L_1,1.1052568313867783,1,3.02,L,mu-la-Z,4030-5401-030/
133744,têtard,tEtaR,NOM,0.86,0.68,1.89,0.34,CVCVC,CVCVCC,2,6,L_1,1.3270750014599193,1,3.77,L,tE-ta-R,4231-4201-240/
134454,titré,titRe,ADJ,0.46,0.28,0.61,0.2,CVCCV,CVCCV,2,5,L_1,0.4382549309311553,1,1.55,L,ti-t-Re,4221-420/-2441
23162,changeur,S@Z9R,NOM,0.47,0.42,0.61,0.41,CVCVC,CCVCCVVC,2,8,L_1,0.6471032420585384,1,1.91,L,S@-Z9-R,5322-0302-240/
99697,perdant,pERd@,ADJ,1.87,1.07,1.42,1.01,CVCCV,CVCCVCC,2,7,L_1,1.6808279085207734,1,5.37,L,pE-R-d@,0031-240/-0222
134420,titane,titan,NOM,1.69,1.69,0.2,0.2,CVCVC,CVCVCV,2,6,L_1,1.3297240096314964,1,3.78,L,ti-ta-n,4221-4201-320/
87717,métis,metis,ADJ,0.56,0.34,0.95,0.41,CVCVC,CVCVC,2,5,L_1,0.8153648132841946,1,2.26,L,me-ti-s,4041-4221-220/
84662,mammaire,mamER,ADJ,0.58,0.2,0.14,0.07,CVCVC,CVCCVVCV,2,8,L_1,-0.0100503358535014,1,0.99,L,ma-mE-R,4001-4031-240/
63248,forfait,fORfE,VER,0.94,0.94,0.68,0.68,CVCCV,CVCCVVC,2,7,L_1,1.175573329804238,1,3.24,L,fO-R-fE,4130-240/-4131
66877,gêneur,ZEn9R,NOM,0.95,0.85,1.01,0.54,CVCVC,CVCVVC,2,6,L_1,1.2089603458369749,1,3.35,L,ZE-n9-R,0331-3202-240/
13524,barème,baREm,NOM,0.31,0.17,0.54,0.34,CVCVC,CVCVCV,2,6,L_1,0.3074846997479607,1,1.36,L,ba-RE-m,3001-2431-400/
23339,charade,SaRad,NOM,0.53,0.12,0.74,0.27,CVCVC,CCVCVCV,2,7,L_1,0.506817602368452,1,1.66,L,Sa-Ra-d,5301-2401-020/
99663,perçu,pERsy,ADJ,0.31,0.09,1.35,0.47,CVCCV,CVCCV,2,5,L_1,0.797507195884188,1,2.22,L,pE-R-sy,0031-240/-2240
20246,calquer,kalke,VER,0.36,0.03,1.35,0.2,CVCCV,CVCCVVC,2,7,L_1,0.6626879730752369,1,1.94,L,ka-l-ke,1401-540/-1441
132127,tangente,t@Z@t,NOM,0.35,0.35,1.15,0.88,CVCVC,CVCCVCCV,2,8,L_1,1.0043016091968684,1,2.73,L,t@-Z@-t,4222-0322-420/
36976,décompte,dek§t,NOM,1.15,1.11,0.81,0.61,CVCVC,CVCVCCCV,2,8,L_1,1.3029127521808397,1,3.68,L,de-k§-t,0241-1422-420/
82143,licite,lisit,ADJ,0.32,0.29,0.74,0.61,CVCVC,CVCVCV,2,6,L_1,0.6729444732424258,1,1.96,L,li-si-t,5421-2221-420/
46108,dosage,dozaZ,NOM,1.89,1.67,1.69,1.62,CVCVC,CVCVCV,2,6,L_1,1.927164106234258,1,6.87,L,do-za-Z,0200-1201-030/
101917,piqueur,pik9R,NOM,0.32,0.18,1.35,0.34,CVCVC,CVCVVVC,2,7,L_1,0.7839015438284094,1,2.19,L,pi-k9-R,0021-1402-240/
104364,poseur,poz9R,NOM,0.96,0.67,0.95,0.74,CVCVC,CVCVVC,2,6,L_1,1.1999647829283973,1,3.3200000000000003,L,po-z9-R,0000-1202-240/
87248,mentor,m5tOR,NOM,1.72,1.62,0.74,0.61,CVCVC,CVCCVC,2,6,L_1,1.545432582458188,1,4.69,L,m5-tO-R,4011-4230-240/
63506,foudre,fudR,NOM,12.94,12.5,14.46,12.64,CVCC,CVVCCV,1,6,H_2,3.961574784257394,2,52.54,H,fu-d-R,4130-020/-240/
128683,stade,stad,NOM,15.14,14.34,14.8,13.18,CCVC,CCVCV,1,5,H_2,4.051089053551143,2,57.46,H,s-ta-d,220/-4201-020/
18422,brique,bRik,NOM,13.56,4.02,31.55,11.69,CCVC,CCVCVV,1,6,H_2,4.107918682249219,2,60.81999999999999,H,b-Ri-k,300/-2421-140/
17493,bourse,buRs,NOM,19.66,17.48,13.18,11.22,CVCC,CVVCCV,1,6,H_2,4.119687369893896,2,61.54,H,bu-R-s,3030-240/-220/
46631,drôle,dRol,NOM,18.73,13.59,21.01,14.46,CCVC,CCVCV,1,5,H_2,4.216414691442874,2,67.78999999999999,H,d-Ro-l,020/-2400-540/
69076,grève,gREv,NOM,15.87,14.54,26.55,22.36,CCVC,CCVCV,1,5,H_2,4.373490303651595,2,79.32,H,g-RE-v,640/-2431-110/
102434,planche,pl@S,NOM,13.37,10.01,41.55,14.53,CCVC,CCVCCCV,1,7,H_2,4.375253750386452,2,79.46,H,p-l@-S,000/-5422-530/
139057,vaincre,v5kR,VER,27.84,13.71,25.68,13.31,CVCC,CVVCCCV,1,7,H_2,4.388753955423308,2,80.53999999999999,H,v5-k-R,1111-140/-240/
24407,chiffre,SifR,NOM,27.28,9.38,33.11,12.7,CVCC,CCVCCCV,1,7,H_2,4.4124345908452645,2,82.47000000000001,H,Si-f-R,5321-410/-240/
103149,plus,plys,NOM,21.02,21.02,20.34,20.34,CCVC,CCVC,1,4,H_2,4.415461410760119,2,82.72,H,p-ly,000/-5440
62726,flotte,flOt,NOM,16.36,16.22,27.64,26.22,CCVC,CCVCCV,1,6,H_2,4.459450531638685,2,86.44,H,f-lO-t,410/-5430-420/
19639,cadre,kadR,NOM,13.53,10.98,42.84,29.8,CVCC,CVCCV,1,5,H_2,4.576256175823449,2,97.15,H,ka-d-R,1401-020/-240/
92728,noble,nObl,ADJ,28.7,23.73,31.62,20.0,CVCC,CVCCV,1,5,H_2,4.644871552839644,2,104.05,H,nO-b-l,3230-300/-540/
102598,plaque,plak,NOM,20.48,13.87,46.15,26.01,CCVC,CCVCVV,1,6,H_2,4.6682388774550745,2,106.51,H,p-la-k,000/-5401-140/
83624,luxe,lyks,NOM,15.62,15.42,38.85,38.65,CVCC,CVCV,1,4,H_2,4.687118768635258,2,108.54,H,ly-k-s,5440-140/-220/
103110,plume,plym,NOM,15.29,6.49,60.0,33.38,CCVC,CCVCV,1,5,H_2,4.746322465743975,2,115.16,H,p-ly-m,000/-5440-400/
45014,disque,disk,NOM,33.61,20.36,42.16,21.49,CVCC,CVCCVV,1,6,H_2,4.76745908903181,2,117.62,H,di-s-k,0221-220/-140/
62553,fleuve,fl9v,NOM,21.58,19.81,46.89,39.32,CCVC,CCVVCV,1,6,H_2,4.848900370910689,2,127.6,H,f-l9-v,410/-5402-110/
85683,marque,maRk,NOM,40.29,23.91,37.7,26.89,CVCC,CVCCVV,1,6,H_2,4.858183170904579,2,128.79000000000002,H,ma-R-k,4001-240/-140/
26585,coffre,kOfR,NOM,39.35,35.97,29.32,25.14,CVCC,CVCCCV,1,6,H_2,4.865840709193022,2,129.77999999999997,H,kO-f-R,1430-410/-240/
46584,drogue,dROg,NOM,58.76,47.2,13.72,10.54,CCVC,CCVCVV,1,6,H_2,4.869225327808716,2,130.22,H,d-RO-g,020/-2430-640/
61069,ferme,fERm,ADJ,25.2,22.93,45.14,39.39,CVCC,CVCCV,1,5,H_2,4.88778946409741,2,132.66,H,fE-R-m,4131-240/-400/
141417,vitre,vitR,NOM,16.35,10.21,76.22,41.28,CVCC,CVCCV,1,5,H_2,4.9702298794612165,2,144.06,H,vi-t-R,1121-420/-240/
133313,tendre,t@dR,ADJ,21.66,18.34,61.15,45.54,CVCC,CVCCCV,1,6,H_2,4.988321516499672,2,146.69,H,t@-d-R,4222-020/-240/
133462,terme,tERm,NOM,37.67,25.72,59.73,34.86,CVCC,CVCCV,1,5,H_2,5.062468442736273,2,157.98000000000002,H,tE-R-m,4231-240/-400/
102053,piste,pist,NOM,51.77,43.01,41.15,34.86,CVCC,CVCCV,1,5,H_2,5.1404347316311005,2,170.79000000000002,H,pi-s-t,0021-220/-420/
15655,blague,blag,NOM,72.63,60.33,22.7,16.82,CCVC,CCVCVV,1,6,H_2,5.150281287720632,2,172.47999999999996,H,b-la-g,300/-5401-640/
81200,larme,laRm,NOM,45.71,5.15,133.51,10.81,CVCC,CVCCV,1,5,H_2,5.273922209713315,2,195.18,H,la-R-m,5401-240/-400/
134456,titre,titR,NOM,41.35,32.4,71.22,53.04,CVCC,CVCCV,1,5,H_2,5.288317534469703,2,198.01,H,ti-t-R,4221-420/-240/
87736,mètre,mEtR,NOM,43.49,6.03,130.07,21.82,CVCC,CVCCV,1,5,H_2,5.30534263148479,2,201.41,H,mE-t-R,4031-420/-240/
81159,large,laRZ,ADJ,18.66,14.25,107.5,70.54,CVCC,CVCCV,1,5,H_2,5.351621138570348,2,210.95,H,la-R-Z,5401-240/-030/
68059,gorge,gORZ,NOM,30.87,29.57,86.82,82.64,CVCC,CVCCV,1,5,H_2,5.437644431769136,2,229.9,H,gO-R-Z,6430-240/-030/
122219,sable,sabl,NOM,25.23,23.14,96.55,87.91,CVCC,CVCCV,1,5,H_2,5.450308573534157,2,232.83,H,sa-b-l,2201-300/-540/
32746,course,kuRs,NOM,72.48,40.45,81.22,51.22,CVCC,CVVCCV,1,6,H_2,5.5027672754149926,2,245.37,H,ku-R-s,1430-240/-220/
102259,plage,plaZ,NOM,48.19,44.99,86.89,72.03,CCVC,CCVCV,1,5,H_2,5.529825834193874,2,252.1,H,p-la-Z,000/-5401-030/
20169,calme,kalm,ADJ,66.57,58.78,73.65,65.81,CVCC,CVCCV,1,5,H_2,5.579012587700251,2,264.81,H,ka-l-m,1401-540/-400/
91530,naître,nEtR,VER,116.11,12.74,119.32,19.86,CVCC,CVVCCV,1,6,H_2,5.591098914544516,2,268.03,H,nE-t-R,3231-420/-240/
126890,sombre,s§bR,ADJ,31.86,24.66,125.74,93.72,CVCC,CVCCCV,1,6,H_2,5.620328399323409,2,275.98,H,s§-b-R,2222-300/-240/
106532,prince,pR5s,NOM,98.9,44.83,101.22,65.61,CCVC,CCVCCV,1,6,H_2,5.7383771194207,2,310.56,H,p-R5-s,000/-2411-220/
20170,calme,kalm,NOM,105.2,105.08,53.24,52.03,CVCC,CVCCV,1,5,H_2,5.754317148030248,2,315.54999999999995,H,ka-l-m,1401-540/-400/
34288,cruche,kRyS,ADJ,0.32,0.28,0.0,0.0,CCVC,CCVCCV,1,6,L_2,-0.5108256237659905,2,0.6000000000000001,L,k-Ry-S,140/-2440-530/
141947,votre,vOtR,PRO:pos,0.32,0.32,0.0,0.0,CVCC,CVCCV,1,5,L_2,-0.4462871026284195,2,0.64,L,vO-t-R,1130-420/-240/
20964,câpre,kapR,NOM,0.31,0.11,0.47,0.0,CVCC,CVCCV,1,5,L_2,-0.1165338162559516,2,0.8899999999999999,L,ka-p-R,1401-000/-240/
131806,tacle,takl,NOM,0.38,0.38,0.07,0.07,CVCC,CVCCV,1,5,L_2,-0.1053605156578261,2,0.9000000000000001,L,ta-k-l,4201-140/-540/
128566,spore,spOR,NOM,0.91,0.01,0.14,0.0,CCVC,CCVCV,1,5,L_2,0.0582689081239758,2,1.06,L,s-pO-R,220/-0030-240/
69992,guilde,gild,NOM,0.57,0.56,0.0,0.0,CVCC,CVVCCV,1,6,L_2,0.1222176327242491,2,1.13,L,gi-l-d,6421-540/-020/
100466,peste,pEst,ONO,0.4,0.4,0.2,0.2,CVCC,CVCCV,1,5,L_2,0.1823215567939546,2,1.2,L,pE-s-t,0031-220/-420/
64934,fronce,fR§s,NOM,0.36,0.34,0.54,0.07,CCVC,CCVCCV,1,6,L_2,0.2700271372130602,2,1.31,L,f-R§-s,410/-2422-220/
41283,derme,dERm,NOM,0.52,0.52,0.41,0.41,CVCC,CVCCV,1,5,L_2,0.6205764877251098,2,1.86,L,dE-R-m,0231-240/-400/
133934,thermes,tERm,NOM,0.55,0.55,0.41,0.41,CVCC,CCVCCVC,1,7,L_2,0.6523251860396901,2,1.92,L,tE-R-m,4231-240/-400/
68373,grâce,gRas,ONO,0.7,0.7,0.27,0.27,CCVC,CCVCV,1,5,L_2,0.6626879730752367,2,1.94,L,g-Ra-s,640/-2401-220/
102673,plate,plat,NOM,0.54,0.52,0.54,0.41,CCVC,CCVCV,1,5,L_2,0.6981347220709845,2,2.01,L,p-la-t,000/-5401-420/
15815,blatte,blat,NOM,0.86,0.41,0.68,0.14,CCVC,CCVCCV,1,6,L_2,0.7371640659767198,2,2.0900000000000003,L,b-la-t,300/-5401-420/
18993,brut,bRyt,NOM,0.55,0.54,0.61,0.54,CCVC,CCVC,1,4,L_2,0.8064758658669485,2,2.24,L,b-Ry-t,300/-2440-420/
92424,neutre,n2tR,NOM,0.68,0.41,0.74,0.47,CVCC,CVVCCV,1,6,L_2,0.8329091229351039,2,2.3,L,n2-t-R,3210-420/-240/
64707,fripe,fRip,NOM,0.58,0.22,0.95,0.61,CCVC,CCVCV,1,5,L_2,0.8586616190375187,2,2.36,L,f-Ri-p,410/-2421-000/
108086,prude,pRyd,ADJ,0.52,0.5,0.81,0.61,CCVC,CCVCV,1,5,L_2,0.8919980393051105,2,2.44,L,p-Ry-d,000/-2440-020/
22431,celte,sElt,ADJ,0.44,0.32,1.22,0.68,CVCC,CVCCV,1,5,L_2,0.9783261227936078,2,2.66,L,sE-l-t,2231-540/-420/
46646,drone,dRon,NOM,1.79,0.88,0.0,0.0,CCVC,CCVCV,1,5,L_2,0.9820784724121582,2,2.67,L,d-Ro-n,020/-2400-320/
129181,strie,stRi,NOM,0.73,0.05,1.82,0.07,CCCV,CCCVV,1,5,L_2,0.9820784724121582,2,2.67,L,s-t-Ri,220/-420/-2421
136524,traque,tRak,NOM,0.73,0.73,0.68,0.61,CCVC,CCVCVV,1,6,L_2,1.01160091167848,2,2.75,L,t-Ra-k,420/-2401-140/
122390,sacre,sakR,NOM,0.75,0.73,0.74,0.61,CVCC,CVCCV,1,5,L_2,1.040276711655146,2,2.83,L,sa-k-R,2201-140/-240/
18640,bronze,bR§z,ADJ,0.54,0.54,0.88,0.88,CCVC,CCVCCV,1,6,L_2,1.043804052173115,2,2.84,L,b-R§-z,300/-2422-120/
142517,zeste,zEst,NOM,0.7,0.69,0.88,0.74,CVCC,CVCCV,1,5,L_2,1.1019400787607845,2,3.01,L,zE-s-t,1231-220/-420/
90459,moufle,mufl,NOM,0.73,0.28,1.76,0.34,CVCC,CVVCCV,1,6,L_2,1.1346227261911428,2,3.11,L,mu-f-l,4030-410/-540/
24598,chlore,klOR,NOM,0.79,0.79,0.81,0.81,CCVC,CCCVCV,1,6,L_2,1.1631508098056809,2,3.2,L,k-lO-R,140/-5430-240/
69313,grimpe,gR5p,NOM,1.65,1.65,0.0,0.0,CCVC,CCVCCV,1,6,L_2,1.1939224684724346,2,3.3,L,g-R5-p,640/-2411-000/
93196,nôtre,notR,ADJ:pos,0.78,0.78,0.88,0.88,CVCC,CVCCV,1,5,L_2,1.199964782928397,2,3.32,L,no-t-R,3200-420/-240/
135439,tourte,tuRt,NOM,1.15,1.03,0.74,0.54,CVCC,CVVCCV,1,6,L_2,1.2412685890696329,2,3.46,L,tu-R-t,4230-240/-420/
19109,bulbe,bylb,NOM,0.47,0.31,1.82,1.01,CVCC,CVCCV,1,5,L_2,1.2837077723447896,2,3.61,L,by-l-b,3040-540/-300/
68196,gourde,guRd,ADJ,0.79,0.78,1.22,0.88,CVCC,CVVCCV,1,6,L_2,1.3001916620664788,2,3.67,L,gu-R-d,6430-240/-020/
125851,sigle,sigl,NOM,0.7,0.56,1.62,1.01,CVCC,CVCCV,1,5,L_2,1.3584091576303547,2,3.89,L,si-g-l,2221-640/-540/
61070,ferme,fERm,ADV,1.98,1.98,0.0,0.0,CVCC,CVCCV,1,5,L_2,1.3762440252663892,2,3.96,L,fE-R-m,4131-240/-400/
62686,flore,flOR,NOM,0.72,0.7,1.55,1.35,CCVC,CCVCV,1,5,L_2,1.463255402256019,2,4.32,L,f-lO-R,410/-5430-240/
18421,brique,bRik,ADJ,0.37,0.37,1.96,1.96,CCVC,CCVCVV,1,6,L_2,1.5390154481375546,2,4.66,L,b-Ri-k,300/-2421-140/
137068,triche,tRiS,NOM,1.91,1.91,0.47,0.41,CCVC,CCVCCV,1,6,L_2,1.547562508716013,2,4.7,L,t-Ri-S,420/-2421-530/
63692,fourbe,fuRb,ADJ,1.7,1.32,1.08,0.68,CVCC,CVVCCV,1,6,L_2,1.5644405465033644,2,4.779999999999999,L,fu-R-b,4130-240/-300/
108600,purge,pyRZ,NOM,1.34,0.5,1.89,1.35,CVCC,CVCCV,1,5,L_2,1.6253112615903906,2,5.08,L,py-R-Z,0040-240/-030/
126483,snob,snOb,NOM,1.35,0.96,1.82,1.15,CCVC,CCVC,1,4,L_2,1.66392609771817,2,5.279999999999999,L,s-nO-b,220/-3230-300/
64950,fronde,fR§d,NOM,1.02,0.86,1.82,1.69,CCVC,CCVCCV,1,6,L_2,1.684545384920906,2,5.390000000000001,L,f-R§-d,410/-2422-020/
