Serial_num,ortho,phon,cgram,islem,freqlemfilms2,freqfilms2,freqlemlivres,freqlivres,p_cvcv,cvcv,nbsyll,nblettres,freq_mism,freq,mismatch,freq_sum,freq_cat
108911,quantité,k@tite,NOM,1,10.3,8.67,18.99,15.27,CVCVCV,CVVCCVCV,3,8,H_0,3.974622147184666,0,53.22999999999999,H
84352,maladie,maladi,NOM,1,66.04,52.18,60.68,49.59,CVCVCV,CVCVCVV,3,7,H_0,5.431492445700453,0,228.49,H
21343,caresser,kaRese,VER,1,15.69,5.66,83.72,18.24,CVCVCV,CVCVCCVC,3,8,H_0,4.814701509882439,0,123.30999999999999,H
40892,déposer,depoze,VER,1,53.09,15.03,62.7,13.24,CVCVCV,CVCVCVC,3,7,H_0,4.9702298794612165,0,144.06,H
120553,rigoler,Rigole,VER,1,47.56,10.48,33.85,9.8,CVCVCV,CVCVCVC,3,7,H_0,4.621928969803046,0,101.69000000000001,H
96841,pantalon,p@tal§,NOM,1,37.55,31.49,71.76,57.91,CVCVCV,CVCCVCVC,3,8,H_0,5.291846475417725,0,198.71,H
108893,qualité,kalite,NOM,1,29.13,20.84,59.12,42.7,CVCVCV,CVVCVCV,3,7,H_0,5.022497986638768,0,151.79000000000002,H
27496,commencer,kom@se,VER,1,436.83,92.51,421.89,42.5,CVCVCV,CVCCVCCVC,3,9,H_0,6.901465539979852,0,993.73,H
42301,désolé,dezole,ADJ,1,276.66,193.51,12.43,6.49,CVCVCV,CVCVCV,3,6,H_0,6.192546521619673,0,489.09000000000003,H
111252,rassurer,RasyRe,VER,1,29.25,6.06,68.04,17.57,CVCVCV,CVCCVCVC,3,8,H_0,4.795129169911258,0,120.92000000000002,H
93509,numéro,nymeRo,NOM,1,173.48,162.08,70.07,60.0,CVCVCV,CVCVCV,3,6,H_0,6.143391327331203,0,465.63,H
125063,séparer,sepaRe,VER,1,66.22,20.34,109.8,18.38,CVCVCV,CVCVCVC,3,7,H_0,5.3694279940059895,0,214.74,H
24643,chocolat,Sokola,NOM,1,31.03,27.74,34.86,30.61,CVCVCV,CCVCVCVC,3,8,H_0,4.822215178840431,0,124.24,H
86203,matinée,matine,NOM,1,12.51,12.1,34.05,32.23,CVCVCV,CVCVCVV,3,7,H_0,4.509649984130679,0,90.88999999999999,H
38224,dégager,degaZe,VER,1,102.47,8.22,58.04,15.2,CVCVCV,CVCVCVC,3,7,H_0,5.214555250442706,0,183.92999999999998,H
28164,composer,k§poze,VER,1,14.07,2.87,47.57,7.3,CVCVCV,CVCCVCVC,3,8,H_0,4.2740237421222265,0,71.81,H
42063,désigner,deziNe,VER,1,10.04,1.81,66.69,8.38,CVCVCV,CVCVCCVC,3,8,H_0,4.4649881553882285,0,86.91999999999999,H
66843,généreux,ZeneR2,ADJ,1,23.32,16.57,23.72,13.99,CVCVCV,CVCVCVVC,3,8,H_0,4.351567427189173,0,77.6,H
42529,dessiner,desine,VER,1,29.97,9.1,79.66,12.97,CVCVCV,CVCCVCVC,3,8,H_0,4.880526608749236,0,131.7,H
27354,comédie,komedi,NOM,1,22.11,20.87,29.73,25.68,CVCVCV,CVCVCVV,3,7,H_0,4.588939172877674,0,98.39000000000001,H
41077,député,depyte,NOM,1,10.4,7.4,10.88,6.42,CVCVCV,CVCVCV,3,6,H_0,3.55820113047182,0,35.1,H
45853,dominer,domine,VER,1,15.66,5.07,50.61,10.34,CVCVCV,CVCVCVC,3,7,H_0,4.402809173856411,0,81.68,H
39034,délicat,delika,ADJ,1,22.52,9.6,37.03,13.72,CVCVCV,CVCVCVC,3,7,H_0,4.417273114860951,0,82.87,H
97087,paradis,paRadi,NOM,1,33.23,33.23,28.04,28.04,CVCVCV,CVCVCVC,3,7,H_0,4.8084375072975085,0,122.53999999999999,H
45692,document,dokym@,NOM,1,24.86,9.34,16.01,6.69,CVCVCV,CVCVCVCC,3,8,H_0,4.041295341132285,0,56.900000000000006,H
41165,déranger,deR@Ze,VER,1,126.95,31.38,43.99,14.59,CVCVCV,CVCVCCVC,3,8,H_0,5.379482520965545,0,216.91000000000003,H
27420,commander,kom@de,VER,1,63.49,13.5,80.34,11.55,CVCVCV,CVCCVCCVC,3,9,H_0,5.129188403540065,0,168.88000000000002,H
40179,dénoncer,den§se,VER,1,29.57,9.83,19.05,6.08,CVCVCV,CVCVCCVC,3,8,H_0,4.167130231947748,0,64.53,H
42697,détacher,detaSe,VER,1,19.69,4.44,65.47,15.14,CVCVCV,CVCVCCVC,3,8,H_0,4.651481088851342,0,104.74,H
117421,répéter,Repete,VER,1,98.31,22.22,200.14,30.88,CVCVCV,CVCVCVC,3,7,H_0,5.86235194864517,0,351.54999999999995,H
38824,déjeuner,deZ9ne,NOM,1,51.34,50.32,59.66,56.01,CVCVCV,CVCVVCVC,3,8,H_0,5.381416935717611,0,217.32999999999998,H
125876,signaler,siNale,VER,1,27.92,9.51,27.5,6.62,CVCVCV,CVCCVCVC,3,8,H_0,4.27039650600246,0,71.55000000000001,H
140160,vérité,veRite,NOM,1,193.24,190.21,140.88,133.38,CVCVCV,CVCVCV,3,6,H_0,6.48876410469225,0,657.71,H
13951,bâtiment,batim@,NOM,1,27.58,22.73,36.82,19.93,CVCVCV,CVCVCVCC,3,8,H_0,4.673389424965236,0,107.06,H
82039,libérer,libeRe,VER,1,75.77,26.16,48.51,14.53,CVCVCV,CVCVCVC,3,7,H_0,5.105763639187833,0,164.97,H
44161,dignité,diNite,NOM,1,14.61,14.59,32.77,32.43,CVCVCV,CVCCVCV,3,7,H_0,4.547541073151455,0,94.4,H
60924,féminin,femin5,ADJ,1,16.88,7.51,32.91,11.28,CVCVCV,CVCVCVC,3,7,H_0,4.228000947034774,0,68.58,H
109774,raconter,Rak§te,VER,1,253.84,57.79,261.89,64.86,CVCVCV,CVCVCCVC,3,8,H_0,6.458933717324055,0,638.38,H
82360,limiter,limite,VER,1,11.19,2.62,19.26,4.46,CVCVCV,CVCVCVC,3,7,H_0,3.6251406131469297,0,37.53,H
117106,réparer,RepaRe,VER,1,67.7,39.13,25.14,13.92,CVCVCV,CVCVCVC,3,7,H_0,4.982852913083804,0,145.89000000000001,H
109737,racoler,Rakole,VER,1,0.59,0.16,1.42,0.54,CVCVCV,CVCVCVC,3,7,L_0,0.9969486348916096,0,2.71,L
43026,détoner,detone,VER,1,0.37,0.3,0.2,0.0,CVCVCV,CVCVCVC,3,7,L_0,-0.1392620673335078,0,0.8699999999999999,L
141510,vivoter,vivote,VER,1,0.47,0.02,1.28,0.14,CVCVCV,CVCVCVC,3,7,L_0,0.6471032420585385,0,1.9100000000000001,L
88471,mimosa,mimoza,ADJ,1,0.46,0.46,0.47,0.47,CVCVCV,CVCVCV,3,6,L_0,0.62057648772511,0,1.86,L
110612,ramolli,Ramoli,ADJ,1,0.44,0.17,1.08,0.14,CVCVCV,CVCVCCV,3,7,L_0,0.6043159668533296,0,1.83,L
83740,macaron,makaR§,NOM,1,0.34,0.12,1.35,0.61,CVCVCV,CVCVCVC,3,7,L_0,0.883767540168595,0,2.42,L
21368,caribou,kaRibu,NOM,1,0.91,0.74,0.2,0.14,CVCVCV,CVCVCVV,3,7,L_0,0.6881346387364009,0,1.9899999999999998,L
39847,démoder,demode,VER,1,1.03,0.0,1.55,0.07,CVCVCV,CVCVCVC,3,7,L_0,0.9745596399981308,0,2.65,L
38975,délégué,delege,ADJ,1,0.58,0.25,1.76,1.49,CVCVCV,CVCVCVV,3,7,L_0,1.4060969884160703,0,4.08,L
65550,gabarit,gabaRi,NOM,1,0.33,0.3,1.82,1.62,CVCVCV,CVCVCVC,3,7,L_0,1.4036429994545037,0,4.07,L
139772,vendanger,v@d@Ze,VER,1,0.74,0.47,0.2,0.0,CVCVCV,CVCCVCCVC,3,9,L_0,0.34358970439007686,0,1.41,L
83764,macérer,maseRe,VER,1,0.32,0.23,1.82,0.54,CVCVCV,CVCVCVC,3,7,L_0,1.0681530811834012,0,2.91,L
118200,résident,Rezid@,NOM,1,1.66,0.48,1.49,0.54,CVCVCV,CVCVCVCC,3,8,L_0,1.4279160358107101,0,4.17,L
27936,compiler,k§pile,VER,1,0.58,0.23,0.54,0.0,CVCVCV,CVCCVCVC,3,8,L_0,0.30010459245033816,0,1.35,L
19610,cadencer,kad@se,VER,1,0.38,0.0,1.22,0.14,CVCVCV,CVCVCCVC,3,8,L_0,0.5538851132264377,0,1.7400000000000002,L
81076,lapider,lapide,VER,1,0.93,0.27,1.35,0.34,CVCVCV,CVCVCVC,3,7,L_0,1.0612565021243408,0,2.89,L
84739,mandater,m@date,VER,1,1.14,0.02,0.95,0.0,CVCVCV,CVCCVCVC,3,8,L_0,0.7466879474879751,0,2.11,L
42682,détaché,detaSe,NOM,1,0.34,0.25,0.88,0.74,CVCVCV,CVCVCCV,3,7,L_0,0.7929925155296614,0,2.21,L
20216,calorie,kaloRi,NOM,1,1.43,0.15,0.95,0.0,CVCVCV,CVCVCVV,3,7,L_0,0.9282193027394288,0,2.53,L
103641,polisson,polis§,NOM,1,1.14,0.83,0.54,0.27,CVCVCV,CVCVCCVC,3,8,L_0,1.0224509277025455,0,2.78,L
128045,soussigné,susiNe,ADJ,1,1.83,1.44,0.61,0.61,CVCVCV,CVVCCVCCV,3,9,L_0,1.501852701754163,0,4.49,L
29858,consigné,k§siNe,ADJ,1,0.72,0.19,0.27,0.14,CVCVCV,CVCCVCCV,3,8,L_0,0.2776317365982794,0,1.3199999999999998,L
42380,désosser,dezose,VER,1,0.59,0.13,1.55,0.34,CVCVCV,CVCVCCVC,3,8,L_0,0.959350221334602,0,2.61,L
80841,laminer,lamine,VER,1,0.7,0.44,1.55,0.34,CVCVCV,CVCVCVC,3,7,L_0,1.1085626195212777,0,3.03,L
99875,périmer,peRime,VER,1,1.68,0.01,0.54,0.0,CVCVCV,CVCVCVC,3,7,L_0,0.8020015854720274,0,2.23,L
20585,cancéreux,k@seR2,ADJ,1,0.62,0.16,0.74,0.27,CVCVCV,CVCCVCVVC,3,9,L_0,0.5822156198526637,0,1.79,L
42943,déterré,deteRe,NOM,1,0.4,0.3,0.07,0.07,CVCVCV,CVCVCCV,3,7,L_0,-0.17435338714477766,0,0.8400000000000001,L
96996,papoter,papote,VER,1,1.77,1.16,1.62,0.61,CVCVCV,CVCVCVC,3,7,L_0,1.6409365794934714,0,5.16,L
110634,ramoner,Ramone,VER,1,0.6,0.17,1.55,0.61,CVCVCV,CVCVCVC,3,7,L_0,1.075002423028976,0,2.93,L
98768,peaufiner,pofine,VER,1,0.67,0.44,1.08,0.34,CVCVCV,CVVVCVCVC,3,9,L_0,0.928219302739429,0,2.5300000000000002,L
104664,potiron,potiR§,NOM,1,1.08,0.99,0.95,0.61,CVCVCV,CVCVCVC,3,7,L_0,1.2892326482767595,0,3.6300000000000003,L
21870,cassoulet,kasulE,NOM,1,0.52,0.52,1.62,1.62,CVCVCV,CVCCVVCVC,3,9,L_0,1.4539530095937054,0,4.28,L
97462,paresser,paRese,VER,1,0.42,0.25,0.95,0.34,CVCVCV,CVCVCCVC,3,8,L_0,0.6729444732424258,0,1.96,L
125877,signalé,siNale,ADJ,1,0.66,0.41,0.74,0.41,CVCVCV,CVCCVCV,3,7,L_0,0.7975071958841882,0,2.22,L
139865,vénéré,veneRe,ADJ,1,1.1,0.91,1.62,0.81,CVCVCV,CVCVCV,3,6,L_0,1.4906543764441336,0,4.44,L
31948,corrigé,koRiZe,ADJ,1,0.38,0.05,1.08,0.41,CVCVCV,CVCCVCV,3,7,L_0,0.6523251860396901,0,1.92,L
36365,déchaîné,deSEne,NOM,1,0.35,0.18,1.42,0.61,CVCVCV,CVCCVVCV,3,8,L_0,0.9400072584914712,0,2.56,L
29468,conjuré,k§ZyRe,NOM,1,0.56,0.0,0.47,0.07,CVCVCV,CVCCVCV,3,7,L_0,0.09531017980432493,0,1.1,L
19762,cagoulé,kagule,ADJ,1,0.31,0.03,0.2,0.14,CVCVCV,CVCVVCV,3,7,L_0,-0.3856624808119846,0,0.68,L
80128,kangourou,k@guRu,NOM,1,1.85,1.42,1.42,1.15,CVCVCV,CVCCVVCVV,3,9,L_0,1.7647307968401356,0,5.84,L
87010,ménage,menaZ,NOM,1,29.46,27.55,32.91,29.26,CVCVC,CVCVCV,2,6,H_1,4.780634955318833,1,119.18,H
87169,mental,m@tal,ADJ,1,18.15,5.84,11.35,4.05,CVCVC,CVCCVC,2,6,H_1,3.673511976982814,1,39.38999999999999,H
118817,rester,REste,VER,1,1003.56,310.38,793.78,123.78,CVCCV,CVCCVC,2,6,H_1,7.710429284069325,1,2231.5000000000005,H
99738,perdu,pERdy,ADJ,1,36.46,17.5,58.45,27.43,CVCCV,CVCCV,2,5,H_1,4.940498911907225,1,139.84,H
30792,contrat,k§tRa,NOM,1,53.23,45.7,15.0,12.43,CVCCV,CVCCCVC,2,7,H_1,4.839134975933884,1,126.36000000000001,H
32686,courir,kuRiR,VER,1,146.5,47.19,263.38,71.82,CVCVC,CVVCVC,2,6,H_1,6.2707804707273755,1,528.89,H
45772,dollar,dolaR,NOM,1,134.1,13.89,16.96,3.85,CVCVC,CVCCVC,2,6,H_1,5.128714582161857,1,168.8,H
120758,risquer,Riske,VER,1,100.4,13.06,99.32,14.19,CVCCV,CVCCVVC,2,7,H_1,5.424817850157378,1,226.97,H
97695,parole,paROl,NOM,1,103.48,71.07,178.31,81.82,CVCVC,CVCVCV,2,6,H_1,6.074610128194651,1,434.68,H
126130,sincère,s5sER,ADJ,1,19.51,15.2,22.5,18.65,CVCVC,CVCCVCV,2,7,H_1,4.3288895362607525,1,75.86,H
82821,local,lokal,ADJ,1,18.11,6.05,22.84,6.76,CVCVC,CVCVC,2,5,H_1,3.984529696214894,1,53.76,H
131291,suspect,syspE,ADJ,1,12.95,8.44,16.82,7.77,CVCCV,CVCCVCC,2,7,H_1,3.8282065193350356,1,45.980000000000004,H
133588,terreur,tER9R,NOM,1,15.18,13.87,27.09,23.78,CVCVC,CVCCVVC,2,7,H_1,4.381026134340298,1,79.92,H
131096,surtout,syRtu,ADV,1,148.66,148.66,291.49,291.49,CVCCV,CVCCVVC,2,7,H_1,6.78026275846686,1,880.3,H
61700,figure,figyR,NOM,1,25.18,22.49,95.34,77.7,CVCVC,CVCVCV,2,6,H_1,5.396849622612283,1,220.70999999999998,H
81118,laquelle,lakEl,PRO:int,1,68.94,1.99,185.27,2.91,CVCVC,CVCVVCCV,2,8,H_1,5.557252681960304,1,259.11,H
108539,punir,pyniR,VER,1,41.7,13.82,20.14,8.45,CVCVC,CVCVC,2,5,H_1,4.432125465974346,1,84.11,H
32617,courage,kuRaZ,NOM,1,70.73,70.7,70.34,69.8,CVCVC,CVVCVCV,2,7,H_1,5.640381084517819,1,281.57,H
131684,tableau,tablo,NOM,1,50.11,37.8,90.0,57.84,CVCCV,CVCCVVV,2,7,H_1,5.462771921513567,1,235.75,H
63203,forcer,fORse,VER,1,64.64,16.33,75.41,18.04,CVCCV,CVCCVC,2,6,H_1,5.161466183798839,1,174.42,H
21644,carton,kaRt§,NOM,1,16.01,10.92,44.86,34.8,CVCCV,CVCCVC,2,6,H_1,4.668989698701045,1,106.58999999999999,H
133277,tendance,t@d@s,NOM,1,12.98,10.95,20.88,14.26,CVCVC,CVCCVCCV,2,8,H_1,4.078723181319144,1,59.07,H
27405,commande,kom@d,NOM,1,31.36,19.41,18.72,12.64,CVCVC,CVCCVCCV,2,8,H_1,4.408303357752101,1,82.13,H
26808,colère,kolER,NOM,1,68.9,67.91,100.07,92.77,CVCVC,CVCVCV,2,6,H_1,5.798031485559308,1,329.65,H
114785,régime,ReZim,NOM,1,19.43,18.52,39.73,36.69,CVCVC,CVCVCV,2,6,H_1,4.7394388067931255,1,114.37,H
122683,salaire,salER,NOM,1,26.43,22.99,12.5,8.92,CVCVC,CVCVVCV,2,7,H_1,4.260423812914633,1,70.84,H
89874,montrer,m§tRe,VER,1,327.33,136.2,276.55,81.15,CVCCV,CVCCCVC,2,7,H_1,6.710803216382034,1,821.2299999999999,H
87135,mensonge,m@s§Z,NOM,1,61.05,33.64,35.41,21.89,CVCVC,CVCCVCCV,2,8,H_1,5.02381472920837,1,151.99,H
65514,futur,fytyR,ADJ,1,23.2,9.41,36.35,13.92,CVCVC,CVCVC,2,5,H_1,4.417393778511173,1,82.88000000000001,H
121823,routine,Rutin,NOM,1,12.14,11.67,12.77,9.53,CVCVC,CVVCVCV,2,7,H_1,3.8310298462186143,1,46.11,H
114864,régler,Regle,VER,1,85.81,42.27,54.19,22.36,CVCCV,CVCCVC,2,6,H_1,5.321203470334738,1,204.63,H
37713,défaire,defER,VER,1,12.3,5.26,32.23,10.14,CVCVC,CVCVVCV,2,7,H_1,4.093177214470094,1,59.93,H
83507,lunette,lynEt,NOM,1,33.33,1.71,75.27,7.43,CVCVC,CVCVCCV,2,7,H_1,4.768478803600115,1,117.74000000000001,H
91899,navire,naviR,NOM,1,21.98,15.83,50.2,28.04,CVCVC,CVCVCV,2,6,H_1,4.754021132720446,1,116.05000000000001,H
135371,tourner,tuRne,VER,1,204.15,51.05,377.09,68.78,CVCCV,CVVCCVC,2,7,H_1,6.552607739395825,1,701.0699999999999,H
97636,parler,paRle,VER,1,1970.55,728.02,1086.01,341.82,CVCCV,CVCCVC,2,6,H_1,8.32516063512708,1,4126.4,H
99591,percer,pERse,VER,1,15.77,6.19,42.03,11.22,CVCCV,CVCCVC,2,6,H_1,4.320284200838312,1,75.21000000000001,H
122678,salade,salad,NOM,1,21.8,15.88,24.26,15.41,CVCVC,CVCVCV,2,6,H_1,4.348340577019075,1,77.35,H
125306,serpent,sERp@,NOM,1,32.2,20.91,21.08,13.24,CVCCV,CVCCVCC,2,7,H_1,4.470838473192799,1,87.42999999999999,H
46204,doubler,duble,VER,1,15.29,4.65,22.84,4.39,CVCCV,CVVCCVC,2,7,H_1,3.8537580972961702,1,47.17,H
15422,bipède,bipEd,NOM,1,0.78,0.58,0.47,0.2,CVCVC,CVCVCV,2,6,L_1,0.7080357930536959,1,2.03,L
24405,chiffrer,SifRe,VER,1,0.64,0.19,1.01,0.27,CVCCV,CCVCCCVC,2,8,L_1,0.7466879474879753,1,2.1100000000000003,L
85989,masseur,mas9R,NOM,1,1.94,0.7,1.69,1.15,CVCVC,CVCCVVC,2,7,L_1,1.7011051009599243,1,5.48,L
140529,vexant,vEks@,ADJ,1,0.4,0.39,1.01,0.74,CVCCV,CVCVCC,2,6,L_1,0.9321640810304452,1,2.54,L
127382,soufflé,sufle,NOM,1,1.33,0.86,1.22,1.22,CVCCV,CVVCCCV,2,7,L_1,1.5325568680981427,1,4.63,L
81497,lécheur,leS9R,NOM,1,0.47,0.3,0.34,0.14,CVCVC,CVCCVVC,2,7,L_1,0.22314355131420976,1,1.25,L
139245,vandale,v@dal,NOM,1,1.14,0.33,0.88,0.47,CVCVC,CVCCVCV,2,7,L_1,1.0367368849500223,1,2.8200000000000003,L
69768,guépard,gepaR,NOM,1,0.44,0.27,0.74,0.34,CVCVC,CVVCVCC,2,7,L_1,0.5822156198526637,1,1.79,L
82664,litige,litiZ,NOM,1,0.78,0.57,1.42,0.74,CVCVC,CVCVCV,2,6,L_1,1.2556160374777743,1,3.51,L
130735,surfait,syRfE,ADJ,1,0.46,0.38,0.34,0.14,CVCCV,CVCCVVC,2,7,L_1,0.2776317365982797,1,1.3200000000000003,L
59892,fadeur,fad9R,NOM,1,0.32,0.32,1.82,1.49,CVCVC,CVCVVC,2,6,L_1,1.3737155789130306,1,3.95,L
84379,malaise,malEz,ADJ,1,0.41,0.38,1.42,1.42,CVCVC,CVCVVCV,2,7,L_1,1.2892326482767593,1,3.63,L
124597,segment,sEgm@,NOM,1,0.69,0.36,1.42,0.88,CVCCV,CVCCVCC,2,7,L_1,1.2089603458369749,1,3.3499999999999996,L
31603,coquard,kokaR,NOM,1,0.34,0.3,0.41,0.34,CVCVC,CVCVVCC,2,7,L_1,0.32930374714260047,1,1.3900000000000001,L
134734,tonique,tonik,ADJ,1,0.4,0.35,1.82,1.55,CVCVC,CVCVCVV,2,7,L_1,1.415853163361435,1,4.12,L
68091,gothique,gotik,NOM,1,0.66,0.57,1.49,1.35,CVCVC,CVCCVCVV,2,8,L_1,1.4036429994545037,1,4.07,L
63732,fourchu,fuRSy,ADJ,1,0.75,0.17,1.42,0.27,CVCCV,CVVCCCV,2,7,L_1,0.959350221334602,1,2.61,L
34980,cynique,sinik,NOM,1,1.01,0.92,1.69,1.15,CVCVC,CVCVCVV,2,7,L_1,1.5623463049002497,1,4.77,L
134449,titrer,titRe,VER,1,1.75,0.03,1.08,0.34,CVCCV,CVCCVC,2,6,L_1,1.1631508098056809,1,3.2,L
90526,moulage,mulaZ,NOM,1,0.8,0.53,1.15,0.54,CVCVC,CVVCVCV,2,7,L_1,1.1052568313867783,1,3.02,L
133744,têtard,tEtaR,NOM,1,0.86,0.68,1.89,0.34,CVCVC,CVCVCC,2,6,L_1,1.3270750014599193,1,3.7699999999999996,L
134454,titré,titRe,ADJ,1,0.46,0.28,0.61,0.2,CVCCV,CVCCV,2,5,L_1,0.4382549309311553,1,1.55,L
23162,changeur,S@Z9R,NOM,1,0.47,0.42,0.61,0.41,CVCVC,CCVCCVVC,2,8,L_1,0.6471032420585384,1,1.91,L
99697,perdant,pERd@,ADJ,1,1.87,1.07,1.42,1.01,CVCCV,CVCCVCC,2,7,L_1,1.6808279085207734,1,5.37,L
134420,titane,titan,NOM,1,1.69,1.69,0.2,0.2,CVCVC,CVCVCV,2,6,L_1,1.3297240096314964,1,3.7800000000000002,L
87717,métis,metis,ADJ,1,0.56,0.34,0.95,0.41,CVCVC,CVCVC,2,5,L_1,0.8153648132841946,1,2.2600000000000002,L
84662,mammaire,mamER,ADJ,1,0.58,0.2,0.14,0.07,CVCVC,CVCCVVCV,2,8,L_1,-0.01005033585350145,1,0.99,L
63248,forfait,fORfE,VER,1,0.94,0.94,0.68,0.68,CVCCV,CVCCVVC,2,7,L_1,1.1755733298042381,1,3.24,L
66877,gêneur,ZEn9R,NOM,1,0.95,0.85,1.01,0.54,CVCVC,CVCVVC,2,6,L_1,1.2089603458369749,1,3.3499999999999996,L
13524,barème,baREm,NOM,1,0.31,0.17,0.54,0.34,CVCVC,CVCVCV,2,6,L_1,0.3074846997479607,1,1.36,L
23339,charade,SaRad,NOM,1,0.53,0.12,0.74,0.27,CVCVC,CCVCVCV,2,7,L_1,0.506817602368452,1,1.6600000000000001,L
99663,perçu,pERsy,ADJ,1,0.31,0.09,1.35,0.47,CVCCV,CVCCV,2,5,L_1,0.797507195884188,1,2.2199999999999998,L
20246,calquer,kalke,VER,1,0.36,0.03,1.35,0.2,CVCCV,CVCCVVC,2,7,L_1,0.6626879730752369,1,1.9400000000000002,L
132127,tangente,t@Z@t,NOM,1,0.35,0.35,1.15,0.88,CVCVC,CVCCVCCV,2,8,L_1,1.0043016091968684,1,2.73,L
36976,décompte,dek§t,NOM,1,1.15,1.11,0.81,0.61,CVCVC,CVCVCCCV,2,8,L_1,1.3029127521808395,1,3.6799999999999997,L
82143,licite,lisit,ADJ,1,0.32,0.29,0.74,0.61,CVCVC,CVCVCV,2,6,L_1,0.6729444732424258,1,1.96,L
46108,dosage,dozaZ,NOM,1,1.89,1.67,1.69,1.62,CVCVC,CVCVCV,2,6,L_1,1.927164106234258,1,6.87,L
101917,piqueur,pik9R,NOM,1,0.32,0.18,1.35,0.34,CVCVC,CVCVVVC,2,7,L_1,0.7839015438284094,1,2.19,L
104364,poseur,poz9R,NOM,1,0.96,0.67,0.95,0.74,CVCVC,CVCVVC,2,6,L_1,1.1999647829283973,1,3.3200000000000003,L
87248,mentor,m5tOR,NOM,1,1.72,1.62,0.74,0.61,CVCVC,CVCCVC,2,6,L_1,1.545432582458188,1,4.69,L
63506,foudre,fudR,NOM,1,12.94,12.5,14.46,12.64,CVCC,CVVCCV,1,6,H_2,3.961574784257394,2,52.54,H
128683,stade,stad,NOM,1,15.14,14.34,14.8,13.18,CCVC,CCVCV,1,5,H_2,4.051089053551143,2,57.46,H
18422,brique,bRik,NOM,1,13.56,4.02,31.55,11.69,CCVC,CCVCVV,1,6,H_2,4.107918682249219,2,60.81999999999999,H
17493,bourse,buRs,NOM,1,19.66,17.48,13.18,11.22,CVCC,CVVCCV,1,6,H_2,4.119687369893896,2,61.54,H
46631,drôle,dRol,NOM,1,18.73,13.59,21.01,14.46,CCVC,CCVCV,1,5,H_2,4.216414691442874,2,67.78999999999999,H
69076,grève,gREv,NOM,1,15.87,14.54,26.55,22.36,CCVC,CCVCV,1,5,H_2,4.373490303651595,2,79.32,H
102434,planche,pl@S,NOM,1,13.37,10.01,41.55,14.53,CCVC,CCVCCCV,1,7,H_2,4.375253750386452,2,79.46,H
139057,vaincre,v5kR,VER,1,27.84,13.71,25.68,13.31,CVCC,CVVCCCV,1,7,H_2,4.388753955423308,2,80.53999999999999,H
24407,chiffre,SifR,NOM,1,27.28,9.38,33.11,12.7,CVCC,CCVCCCV,1,7,H_2,4.4124345908452645,2,82.47000000000001,H
103149,plus,plys,NOM,1,21.02,21.02,20.34,20.34,CCVC,CCVC,1,4,H_2,4.415461410760119,2,82.72,H
62726,flotte,flOt,NOM,1,16.36,16.22,27.64,26.22,CCVC,CCVCCV,1,6,H_2,4.459450531638685,2,86.44,H
19639,cadre,kadR,NOM,1,13.53,10.98,42.84,29.8,CVCC,CVCCV,1,5,H_2,4.576256175823449,2,97.14999999999999,H
92728,noble,nObl,ADJ,1,28.7,23.73,31.62,20.0,CVCC,CVCCV,1,5,H_2,4.644871552839644,2,104.05,H
102598,plaque,plak,NOM,1,20.48,13.87,46.15,26.01,CCVC,CCVCVV,1,6,H_2,4.6682388774550745,2,106.51,H
83624,luxe,lyks,NOM,1,15.62,15.42,38.85,38.65,CVCC,CVCV,1,4,H_2,4.6871187686352584,2,108.53999999999999,H
103110,plume,plym,NOM,1,15.29,6.49,60.0,33.38,CCVC,CCVCV,1,5,H_2,4.746322465743975,2,115.16,H
45014,disque,disk,NOM,1,33.61,20.36,42.16,21.49,CVCC,CVCCVV,1,6,H_2,4.76745908903181,2,117.61999999999999,H
62553,fleuve,fl9v,NOM,1,21.58,19.81,46.89,39.32,CCVC,CCVVCV,1,6,H_2,4.848900370910689,2,127.6,H
85683,marque,maRk,NOM,1,40.29,23.91,37.7,26.89,CVCC,CVCCVV,1,6,H_2,4.858183170904579,2,128.79000000000002,H
26585,coffre,kOfR,NOM,1,39.35,35.97,29.32,25.14,CVCC,CVCCCV,1,6,H_2,4.865840709193022,2,129.77999999999997,H
46584,drogue,dROg,NOM,1,58.76,47.2,13.72,10.54,CCVC,CCVCVV,1,6,H_2,4.869225327808716,2,130.22,H
61069,ferme,fERm,ADJ,1,25.2,22.93,45.14,39.39,CVCC,CVCCV,1,5,H_2,4.88778946409741,2,132.66,H
141417,vitre,vitR,NOM,1,16.35,10.21,76.22,41.28,CVCC,CVCCV,1,5,H_2,4.9702298794612165,2,144.06,H
133313,tendre,t@dR,ADJ,1,21.66,18.34,61.15,45.54,CVCC,CVCCCV,1,6,H_2,4.9883215164996715,2,146.69,H
133462,terme,tERm,NOM,1,37.67,25.72,59.73,34.86,CVCC,CVCCV,1,5,H_2,5.062468442736273,2,157.98000000000002,H
102053,piste,pist,NOM,1,51.77,43.01,41.15,34.86,CVCC,CVCCV,1,5,H_2,5.1404347316311005,2,170.79000000000002,H
15655,blague,blag,NOM,1,72.63,60.33,22.7,16.82,CCVC,CCVCVV,1,6,H_2,5.150281287720632,2,172.47999999999996,H
81200,larme,laRm,NOM,1,45.71,5.15,133.51,10.81,CVCC,CVCCV,1,5,H_2,5.273922209713315,2,195.18,H
134456,titre,titR,NOM,1,41.35,32.4,71.22,53.04,CVCC,CVCCV,1,5,H_2,5.288317534469703,2,198.01,H
87736,mètre,mEtR,NOM,1,43.49,6.03,130.07,21.82,CVCC,CVCCV,1,5,H_2,5.30534263148479,2,201.41,H
81159,large,laRZ,ADJ,1,18.66,14.25,107.5,70.54,CVCC,CVCCV,1,5,H_2,5.351621138570348,2,210.95,H
68059,gorge,gORZ,NOM,1,30.87,29.57,86.82,82.64,CVCC,CVCCV,1,5,H_2,5.437644431769136,2,229.89999999999998,H
122219,sable,sabl,NOM,1,25.23,23.14,96.55,87.91,CVCC,CVCCV,1,5,H_2,5.450308573534157,2,232.83,H
32746,course,kuRs,NOM,1,72.48,40.45,81.22,51.22,CVCC,CVVCCV,1,6,H_2,5.5027672754149926,2,245.37,H
102259,plage,plaZ,NOM,1,48.19,44.99,86.89,72.03,CCVC,CCVCV,1,5,H_2,5.529825834193874,2,252.1,H
20169,calme,kalm,ADJ,1,66.57,58.78,73.65,65.81,CVCC,CVCCV,1,5,H_2,5.579012587700251,2,264.81,H
91530,naître,nEtR,VER,1,116.11,12.74,119.32,19.86,CVCC,CVVCCV,1,6,H_2,5.591098914544516,2,268.03,H
126890,sombre,s§bR,ADJ,1,31.86,24.66,125.74,93.72,CVCC,CVCCCV,1,6,H_2,5.620328399323409,2,275.98,H
106532,prince,pR5s,NOM,1,98.9,44.83,101.22,65.61,CCVC,CCVCCV,1,6,H_2,5.7383771194207,2,310.56,H
20170,calme,kalm,NOM,1,105.2,105.08,53.24,52.03,CVCC,CVCCV,1,5,H_2,5.754317148030248,2,315.54999999999995,H
34288,cruche,kRyS,ADJ,1,0.32,0.28,0.0,0.0,CCVC,CCVCCV,1,6,L_2,-0.5108256237659905,2,0.6000000000000001,L
141947,votre,vOtR,PRO:pos,1,0.32,0.32,0.0,0.0,CVCC,CVCCV,1,5,L_2,-0.4462871026284195,2,0.64,L
20964,câpre,kapR,NOM,1,0.31,0.11,0.47,0.0,CVCC,CVCCV,1,5,L_2,-0.11653381625595163,2,0.8899999999999999,L
131806,tacle,takl,NOM,1,0.38,0.38,0.07,0.07,CVCC,CVCCV,1,5,L_2,-0.10536051565782616,2,0.9000000000000001,L
128566,spore,spOR,NOM,1,0.91,0.01,0.14,0.0,CCVC,CCVCV,1,5,L_2,0.058268908123975824,2,1.06,L
69992,guilde,gild,NOM,1,0.57,0.56,0.0,0.0,CVCC,CVVCCV,1,6,L_2,0.12221763272424911,2,1.13,L
100466,peste,pEst,ONO,1,0.4,0.4,0.2,0.2,CVCC,CVCCV,1,5,L_2,0.1823215567939546,2,1.2,L
64934,fronce,fR§s,NOM,1,0.36,0.34,0.54,0.07,CCVC,CCVCCV,1,6,L_2,0.2700271372130602,2,1.31,L
41283,derme,dERm,NOM,1,0.52,0.52,0.41,0.41,CVCC,CVCCV,1,5,L_2,0.6205764877251098,2,1.8599999999999999,L
133934,thermes,tERm,NOM,1,0.55,0.55,0.41,0.41,CVCC,CCVCCVC,1,7,L_2,0.6523251860396901,2,1.92,L
68373,grâce,gRas,ONO,1,0.7,0.7,0.27,0.27,CCVC,CCVCV,1,5,L_2,0.6626879730752367,2,1.94,L
102673,plate,plat,NOM,1,0.54,0.52,0.54,0.41,CCVC,CCVCV,1,5,L_2,0.6981347220709845,2,2.0100000000000002,L
15815,blatte,blat,NOM,1,0.86,0.41,0.68,0.14,CCVC,CCVCCV,1,6,L_2,0.7371640659767198,2,2.0900000000000003,L
18993,brut,bRyt,NOM,1,0.55,0.54,0.61,0.54,CCVC,CCVC,1,4,L_2,0.8064758658669485,2,2.24,L
92424,neutre,n2tR,NOM,1,0.68,0.41,0.74,0.47,CVCC,CVVCCV,1,6,L_2,0.8329091229351039,2,2.3,L
64707,fripe,fRip,NOM,1,0.58,0.22,0.95,0.61,CCVC,CCVCV,1,5,L_2,0.8586616190375187,2,2.36,L
108086,prude,pRyd,ADJ,1,0.52,0.5,0.81,0.61,CCVC,CCVCV,1,5,L_2,0.8919980393051105,2,2.44,L
22431,celte,sElt,ADJ,1,0.44,0.32,1.22,0.68,CVCC,CVCCV,1,5,L_2,0.9783261227936078,2,2.66,L
46646,drone,dRon,NOM,1,1.79,0.88,0.0,0.0,CCVC,CCVCV,1,5,L_2,0.9820784724121582,2,2.67,L
129181,strie,stRi,NOM,1,0.73,0.05,1.82,0.07,CCCV,CCCVV,1,5,L_2,0.9820784724121582,2,2.67,L
136524,traque,tRak,NOM,1,0.73,0.73,0.68,0.61,CCVC,CCVCVV,1,6,L_2,1.0116009116784799,2,2.75,L
122390,sacre,sakR,NOM,1,0.75,0.73,0.74,0.61,CVCC,CVCCV,1,5,L_2,1.0402767116551461,2,2.8299999999999996,L
18640,bronze,bR§z,ADJ,1,0.54,0.54,0.88,0.88,CCVC,CCVCCV,1,6,L_2,1.0438040521731147,2,2.84,L
142517,zeste,zEst,NOM,1,0.7,0.69,0.88,0.74,CVCC,CVCCV,1,5,L_2,1.1019400787607843,2,3.01,L
90459,moufle,mufl,NOM,1,0.73,0.28,1.76,0.34,CVCC,CVVCCV,1,6,L_2,1.1346227261911428,2,3.11,L
24598,chlore,klOR,NOM,1,0.79,0.79,0.81,0.81,CCVC,CCCVCV,1,6,L_2,1.1631508098056809,2,3.2,L
69313,grimpe,gR5p,NOM,1,1.65,1.65,0.0,0.0,CCVC,CCVCCV,1,6,L_2,1.1939224684724346,2,3.3,L
93196,nôtre,notR,ADJ:pos,1,0.78,0.78,0.88,0.88,CVCC,CVCCV,1,5,L_2,1.199964782928397,2,3.32,L
135439,tourte,tuRt,NOM,1,1.15,1.03,0.74,0.54,CVCC,CVVCCV,1,6,L_2,1.2412685890696329,2,3.46,L
19109,bulbe,bylb,NOM,1,0.47,0.31,1.82,1.01,CVCC,CVCCV,1,5,L_2,1.2837077723447896,2,3.6100000000000003,L
68196,gourde,guRd,ADJ,1,0.79,0.78,1.22,0.88,CVCC,CVVCCV,1,6,L_2,1.3001916620664788,2,3.67,L
125851,sigle,sigl,NOM,1,0.7,0.56,1.62,1.01,CVCC,CVCCV,1,5,L_2,1.3584091576303547,2,3.8899999999999997,L
61070,ferme,fERm,ADV,1,1.98,1.98,0.0,0.0,CVCC,CVCCV,1,5,L_2,1.3762440252663892,2,3.96,L
62686,flore,flOR,NOM,1,0.72,0.7,1.55,1.35,CCVC,CCVCV,1,5,L_2,1.463255402256019,2,4.32,L
18421,brique,bRik,ADJ,1,0.37,0.37,1.96,1.96,CCVC,CCVCVV,1,6,L_2,1.5390154481375546,2,4.66,L
137068,triche,tRiS,NOM,1,1.91,1.91,0.47,0.41,CCVC,CCVCCV,1,6,L_2,1.547562508716013,2,4.7,L
63692,fourbe,fuRb,ADJ,1,1.7,1.32,1.08,0.68,CVCC,CVVCCV,1,6,L_2,1.5644405465033644,2,4.779999999999999,L
108600,purge,pyRZ,NOM,1,1.34,0.5,1.89,1.35,CVCC,CVCCV,1,5,L_2,1.6253112615903906,2,5.08,L
126483,snob,snOb,NOM,1,1.35,0.96,1.82,1.15,CCVC,CCVC,1,4,L_2,1.66392609771817,2,5.279999999999999,L
64950,fronde,fR§d,NOM,1,1.02,0.86,1.82,1.69,CCVC,CCVCCV,1,6,L_2,1.684545384920906,2,5.390000000000001,L
